"BROKEN","EPIC","FAILED","FEATURE","PASSED","SKIPPED","STORY","UNKNOWN"
"0","Hệ thống Văn phòng điện tử UTC","0","Phân hệ 3: Lấy lại mật khẩu (/Login/GetPass)","2","0","Điều hướng","0"
"0","Hệ thống Văn phòng điện tử UTC","0","Phân hệ 1: Đăng nhập hệ thống (Form Login)","1","0","Xử lý chuỗi nhập liệu","0"
"0","Hệ thống Văn phòng điện tử UTC","0","Phân hệ Xác thực & Quản lý phiên (Authentication)","3","0","Đăng nhập bằng tài khoản nội bộ","0"
"0","Hệ thống Văn phòng điện tử UTC","0","Phân hệ 1: Đăng nhập hệ thống (Form Login)","3","0","Đăng nhập bằng tài khoản nội bộ","0"
"0","Hệ thống Văn phòng điện tử UTC","0","Phân hệ 1: Đăng nhập hệ thống (Form Login)","1","0","Trải nghiệm người dùng","0"
"0","Hệ thống Văn phòng điện tử UTC","0","Phân hệ 4 & 5: Bảo mật & Giao diện người dùng","1","0","Kiểm thử Bảo mật - Quản lý phiên","0"
"0","Hệ thống Văn phòng điện tử UTC","0","Phân hệ 4 & 5: Bảo mật & Giao diện người dùng","3","0","Giao diện người dùng (UI)","0"
"0","Hệ thống Văn phòng điện tử UTC","0","Phân hệ 1: Đăng nhập hệ thống (Form Login)","1","0","Bảo mật mật khẩu","0"
"0","Hệ thống Văn phòng điện tử UTC","0","Phân hệ 3: Lấy lại mật khẩu (/Login/GetPass)","4","0","Validation biểu mẫu","0"
"0","Hệ thống Văn phòng điện tử UTC","0","Phân hệ 1: Đăng nhập hệ thống (Form Login)","1","0","Đăng nhập liên kết Google SSO","0"
"0","Hệ thống Văn phòng điện tử UTC","1","Phân hệ 1: Đăng nhập hệ thống (Form Login)","0","0","Chính sách an toàn & Khóa tài khoản","0"
"0","Hệ thống Văn phòng điện tử UTC","0","Phân hệ 1: Đăng nhập hệ thống (Form Login)","3","0","Validation biểu mẫu","0"
"0","Hệ thống Văn phòng điện tử UTC","0","Phân hệ Xác thực & Quản lý phiên (Authentication)","1","0","Chức năng Khôi phục tài khoản","0"
"0","Hệ thống Văn phòng điện tử UTC","0","Phân hệ 1: Đăng nhập hệ thống (Form Login)","1","0","Tùy chọn ghi nhớ phiên","0"
"0","Hệ thống Văn phòng điện tử UTC","0","Phân hệ 4 & 5: Bảo mật & Giao diện người dùng","1","0","Kiểm thử Bảo mật - XSS","0"
"0","Hệ thống Văn phòng điện tử UTC","0","Phân hệ 3: Lấy lại mật khẩu (/Login/GetPass)","1","0","Giao diện & Hiển thị","0"
"0","Hệ thống Văn phòng điện tử UTC","0","Phân hệ 4 & 5: Bảo mật & Giao diện người dùng","2","0","Kiểm thử Bảo mật - SQL Injection","0"
"0","Hệ thống Văn phòng điện tử UTC","0","Phân hệ 4 & 5: Bảo mật & Giao diện người dùng","1","0","Kiểm thử Bảo mật - Truyền thông mạng","0"
"0","Hệ thống Văn phòng điện tử UTC","0","Phân hệ 1: Đăng nhập hệ thống (Form Login)","1","0","Bảo mật giao diện","0"
"0","Hệ thống Văn phòng điện tử UTC","0","Phân hệ Xác thực & Quản lý phiên (Authentication)","1","0","Tùy chọn ghi nhớ đăng nhập","0"
