"DESCRIPTION","DURATION IN MS","NAME","PARENT SUITE","START TIME","STATUS","STOP TIME","SUB SUITE","SUITE","TEST CLASS","TEST METHOD"
"","4118","TC_FP_01: Chuyển hướng đến trang 'Lấy lại mật khẩu' qua liên kết","tests","Thu Oct 08 16:29:28 GMT+07:00 2026","passed","Thu Oct 08 16:29:32 GMT+07:00 2026","TestForgotPasswordE2E","test_forgot_password_e2e","",""
"","2328","TC_LOG_07: Tên đăng nhập có khoảng trắng đầu hoặc cuối","tests","Thu Oct 08 16:31:03 GMT+07:00 2026","passed","Thu Oct 08 16:31:05 GMT+07:00 2026","TestLoginE2E","test_login_e2e","",""
"Xác nhận tài khoản hợp lệ được chuyển hướng vào Dashboard nội bộ thành công.","2177","TC_03: Đăng nhập thành công và rời khỏi trang Login","tests","Thu Oct 08 16:14:53 GMT+07:00 2026","passed","Thu Oct 08 16:14:56 GMT+07:00 2026","TestLoginE2E","test_login_e2e","",""
"","3672","TC_LOG_03: Đăng nhập thất bại khi Tên đăng nhập không tồn tại","tests","Thu Oct 08 16:30:38 GMT+07:00 2026","passed","Thu Oct 08 16:30:42 GMT+07:00 2026","TestLoginE2E","test_login_e2e","",""
"","3215","TC_LOG_12: Đăng nhập bằng cách nhấn phím Enter trên bàn phím","tests","Thu Oct 08 16:31:26 GMT+07:00 2026","passed","Thu Oct 08 16:31:30 GMT+07:00 2026","TestLoginE2E","test_login_e2e","",""
"","2066","TC_SEC_05: Chặn truy cập trực tiếp URL nội bộ khi chưa xác thực","tests","Thu Oct 08 16:32:06 GMT+07:00 2026","passed","Thu Oct 08 16:32:09 GMT+07:00 2026","TestSecurityAndUiE2E","test_security_and_ui_e2e","",""
"","3609","TC_UI_01: Kiểm tra hiển thị banner, slogan và bản quyền footer","tests","Thu Oct 08 16:32:17 GMT+07:00 2026","passed","Thu Oct 08 16:32:21 GMT+07:00 2026","TestSecurityAndUiE2E","test_security_and_ui_e2e","",""
"Xác nhận hệ thống từ chối đăng nhập và hiển thị thông báo lỗi 'Tài khoản hoặc mật khẩu không đúng.'","2593","TC_02: Kiểm tra thông báo lỗi khi nhập sai mật khẩu","tests","Thu Oct 08 16:14:48 GMT+07:00 2026","passed","Thu Oct 08 16:14:51 GMT+07:00 2026","TestLoginE2E","test_login_e2e","",""
"","3016","TC_LOG_08: Phân biệt chữ hoa và chữ thường trong Mật khẩu","tests","Thu Oct 08 16:31:07 GMT+07:00 2026","passed","Thu Oct 08 16:31:10 GMT+07:00 2026","TestLoginE2E","test_login_e2e","",""
"","4084","TC_FP_06: Để trống cả Captcha và Email khi submit","tests","Thu Oct 08 16:30:09 GMT+07:00 2026","passed","Thu Oct 08 16:30:13 GMT+07:00 2026","TestForgotPasswordE2E","test_forgot_password_e2e","",""
"","6915","TC_SSO_01: Kiểm tra cấu hình liên kết Google OAuth 2.0","tests","Thu Oct 08 16:31:32 GMT+07:00 2026","passed","Thu Oct 08 16:31:39 GMT+07:00 2026","TestLoginE2E","test_login_e2e","",""
"Kỳ vọng: Hệ thống kích hoạt cơ chế phòng chống brute force, thông báo 'Tài khoản tạm thời bị khóa'. Thực tế: Hệ thống UTC chưa có cơ chế khóa tài khoản này -> Ca kiểm thử phát hiện lỗi (Failed để báo cáo lỗi trong Allure).","3254","TC_LOG_10: Kiểm tra cơ chế tự động tạm khóa tài khoản khi đăng nhập sai nhiều lần","tests","Thu Oct 08 16:31:42 GMT+07:00 2026","failed","Thu Oct 08 16:31:45 GMT+07:00 2026","TestLoginE2E","test_login_e2e","",""
"","3546","TC_LOG_06: Nhập Tên đăng nhập, để trống Mật khẩu","tests","Thu Oct 08 16:30:56 GMT+07:00 2026","passed","Thu Oct 08 16:31:00 GMT+07:00 2026","TestLoginE2E","test_login_e2e","",""
"Kiểm tra liên kết chuyển sang /Login/GetPass, hiển thị ảnh Captcha và kiểm tra validation khi mã bảo mật sai.","4535","TC_05: Điều hướng sang trang Quên mật khẩu và kiểm tra validation Captcha","tests","Thu Oct 08 16:15:03 GMT+07:00 2026","passed","Thu Oct 08 16:15:08 GMT+07:00 2026","TestLoginE2E","test_login_e2e","",""
"","4361","TC_LOG_09: Kiểm tra checkbox 'Giữ tôi luôn đăng nhập'","tests","Thu Oct 08 16:31:13 GMT+07:00 2026","passed","Thu Oct 08 16:31:17 GMT+07:00 2026","TestLoginE2E","test_login_e2e","",""
"","1804","TC_UI_03: Kiểm tra liên kết 'Ý kiến phản hồi' sử dụng giao thức mailto","tests","Thu Oct 08 16:32:28 GMT+07:00 2026","passed","Thu Oct 08 16:32:29 GMT+07:00 2026","TestSecurityAndUiE2E","test_security_and_ui_e2e","",""
"","5371","TC_SEC_03: Phòng chống mã độc Cross-Site Scripting (XSS)","tests","Thu Oct 08 16:31:59 GMT+07:00 2026","passed","Thu Oct 08 16:32:04 GMT+07:00 2026","TestSecurityAndUiE2E","test_security_and_ui_e2e","",""
"","5637","TC_LOG_01: Đăng nhập thành công với thông tin hợp lệ","tests","Thu Oct 08 16:30:25 GMT+07:00 2026","passed","Thu Oct 08 16:30:30 GMT+07:00 2026","TestLoginE2E","test_login_e2e","",""
"","4539","TC_FP_08: Kiểm tra hiển thị hình ảnh Captcha bảo mật và Logo","tests","Thu Oct 08 16:29:35 GMT+07:00 2026","passed","Thu Oct 08 16:29:39 GMT+07:00 2026","TestForgotPasswordE2E","test_forgot_password_e2e","",""
"Xác nhận hệ thống giữ nguyên ở trang đăng nhập và hiển thị đúng thông báo lỗi 'Bạn chưa nhập mật khẩu'.","2434","TC_01: Kiểm tra lỗi validation khi bỏ trống mật khẩu","tests","Thu Oct 08 16:14:43 GMT+07:00 2026","passed","Thu Oct 08 16:14:46 GMT+07:00 2026","TestLoginE2E","test_login_e2e","",""
"","6352","TC_FP_05: Để trống ô Địa chỉ Email","tests","Thu Oct 08 16:30:00 GMT+07:00 2026","passed","Thu Oct 08 16:30:06 GMT+07:00 2026","TestForgotPasswordE2E","test_forgot_password_e2e","",""
"","6547","TC_FP_07: Kiểm tra liên kết 'Trở lại đăng nhập?'","tests","Thu Oct 08 16:30:15 GMT+07:00 2026","passed","Thu Oct 08 16:30:22 GMT+07:00 2026","TestForgotPasswordE2E","test_forgot_password_e2e","",""
"","3140","TC_SEC_02: Phòng chống tấn công SQL Injection tại ô Mật khẩu","tests","Thu Oct 08 16:31:53 GMT+07:00 2026","passed","Thu Oct 08 16:31:56 GMT+07:00 2026","TestSecurityAndUiE2E","test_security_and_ui_e2e","",""
"","3561","TC_SEC_06: Kiểm tra bảo mật giao thức kết nối HTTPS","tests","Thu Oct 08 16:32:11 GMT+07:00 2026","passed","Thu Oct 08 16:32:15 GMT+07:00 2026","TestSecurityAndUiE2E","test_security_and_ui_e2e","",""
"","1795","TC_UI_02: Kiểm tra liên kết 'Trung tâm trợ giúp' mở đúng tab mới","tests","Thu Oct 08 16:32:23 GMT+07:00 2026","passed","Thu Oct 08 16:32:25 GMT+07:00 2026","TestSecurityAndUiE2E","test_security_and_ui_e2e","",""
"","3618","TC_LOG_04: Để trống cả Tên đăng nhập và Mật khẩu","tests","Thu Oct 08 16:30:45 GMT+07:00 2026","passed","Thu Oct 08 16:30:48 GMT+07:00 2026","TestLoginE2E","test_login_e2e","",""
"","8753","TC_FP_04: Để trống ô Mã bảo mật Captcha","tests","Thu Oct 08 16:29:48 GMT+07:00 2026","passed","Thu Oct 08 16:29:57 GMT+07:00 2026","TestForgotPasswordE2E","test_forgot_password_e2e","",""
"","3172","TC_LOG_02: Đăng nhập thất bại khi nhập sai Mật khẩu","tests","Thu Oct 08 16:30:33 GMT+07:00 2026","passed","Thu Oct 08 16:30:36 GMT+07:00 2026","TestLoginE2E","test_login_e2e","",""
"","3034","TC_LOG_05: Để trống Tên đăng nhập, chỉ nhập Mật khẩu","tests","Thu Oct 08 16:30:51 GMT+07:00 2026","passed","Thu Oct 08 16:30:54 GMT+07:00 2026","TestLoginE2E","test_login_e2e","",""
"","3955","TC_LOG_11: Ẩn ký tự mật khẩu (Password Masking)","tests","Thu Oct 08 16:31:20 GMT+07:00 2026","passed","Thu Oct 08 16:31:24 GMT+07:00 2026","TestLoginE2E","test_login_e2e","",""
"Kiểm tra tương tác với checkbox tùy biến được ẩn bằng CSS trên giao diện UTC.","2567","TC_04: Kiểm tra bật/tắt checkbox 'Giữ tôi luôn đăng nhập'","tests","Thu Oct 08 16:14:58 GMT+07:00 2026","passed","Thu Oct 08 16:15:01 GMT+07:00 2026","TestLoginE2E","test_login_e2e","",""
"","2596","TC_SEC_01: Phòng chống tấn công SQL Injection tại ô Tên đăng nhập","tests","Thu Oct 08 16:31:48 GMT+07:00 2026","passed","Thu Oct 08 16:31:50 GMT+07:00 2026","TestSecurityAndUiE2E","test_security_and_ui_e2e","",""
"","4055","TC_FP_03: Gửi yêu cầu với mã Captcha sai","tests","Thu Oct 08 16:29:42 GMT+07:00 2026","passed","Thu Oct 08 16:29:46 GMT+07:00 2026","TestForgotPasswordE2E","test_forgot_password_e2e","",""
